Stability_time_total_exposure,Stability_relative_humidity_average_value,JV_reverse_scan_FF,JV_default_Jsc,Cell_area_measured,JV_reverse_scan_PCE,Stability_PCE_initial_value,JV_forward_scan_Voc,JV_average_over_n_number_of_cells,Stability_light_intensity,Perovskite_deposition_number_of_deposition_steps
-76.68793,6.1793156,-1.8085787,-14.786499,-3.4309607,-21.437254,5.255326,-5.2648582,8.560523,7.6202183,-0.03403356
-217.86086,-11.176192,-9.528111,-18.512878,-7.73227,-17.357056,0.30422658,-1.7388847,8.291193,4.0013313,-0.320088
-358.82733,-2.2014887,-3.4997754,18.160145,14.3771305,27.61404,1.6650107,3.1932747,-10.599308,6.691871,-5.5595117
-225.56625,3.5576844,-5.3293557,-9.589121,-8.161111,-13.845131,-0.53182715,-1.3125688,7.850381,6.566668,-0.29489112
-322.41183,-1.9096464,-2.4440913,9.469013,2.6438568,-15.438044,-9.573874,1.6504215,1.3978298,-18.293701,0.45818472
-331.9879,-0.8730402,-12.478559,-3.7016528,6.4707756,-1.6351857,2.0175266,-3.57069,5.8549767,-17.23874,0.47311172
-54.64376,14.379681,8.337139,35.17359,-37.43806,22.54244,3.2155173,-5.166154,-8.437684,-36.825718,-0.30867103
1304.8536,-7.776904,-243.52919,55.784073,-75.093414,-49.067722,20.451607,7.3804145,152.34912,-7.379011,5.754362
247.39883,-2.2635503,6.0935283,-40.32757,27.34499,6.505689,-14.445556,-2.2918446,7.5154285,2.9810987,-11.215672
-66.05732,14.429827,-3.9344795,-14.783012,2.9503455,37.350655,7.747177,-2.9637733,6.935941,6.4739833,1.8351667
-219.99165,5.457278,-13.072952,41.308186,-10.227207,-0.07737474,0.3979807,-5.2280335,4.4734783,6.4481225,-3.3477314
51.227337,-18.951115,-63.842957,43.564438,51.173748,-15.544966,-1.7378571,3.4412062,28.293253,3.048836,2.3612852
-50.614098,-2.3468752,-11.649017,-5.1622124,24.860937,-7.4673157,1.4405005,-6.128143,-8.642969,-7.045291,-0.45602256
-173.99048,8.768899,-12.163813,-11.733046,-3.9373899,-22.281025,-13.674616,5.4867744,5.2184725,3.4391077,0.09760874
-72.804054,-3.22277,5.8672895,-9.164404,-9.606296,15.956305,6.6843934,-3.264571,8.378604,6.512478,0.048990484
-285.34607,5.4113593,3.922186,-6.252885,5.6618648,18.526583,6.557456,-2.3396392,8.334045,7.0394154,0.16337731
820.5607,-12.271259,-43.083675,36.48092,139.32535,65.141136,4.508192,-30.682827,16.100626,-11.70099,1.9898102
-67.460686,4.263792,5.4694495,-17.036894,17.998137,12.044455,6.453,3.6429443,8.911148,7.5696325,1.2397395
-167.94112,-4.4903927,-32.929897,11.776033,-19.341072,-10.315677,-2.5748818,-0.18755713,-5.332566,-11.239584,-0.9909393
-338.66742,24.87256,-0.2634468,-6.6377764,-4.0543447,-20.568909,2.123907,0.8558446,-5.3210626,7.5074015,0.033772495
-22.104076,-3.2035377,-5.0637674,-9.381449,-14.3095255,21.617346,10.434707,-5.7622104,7.325712,-2.4301372,1.5729666
-75.71019,12.335792,4.81932,30.142748,1.0065733,2.8970115,8.951079,1.1825491,6.029197,6.692773,1.7345144
-148.18385,12.101728,-5.256899,11.344497,15.987708,29.3892,3.7027643,61.658703,4.9988217,7.865098,1.8622123
371.7804,-33.106274,-42.23025,18.420944,11.446231,-10.98864,-34.234627,-6.243884,-43.993946,36.695267,1.6011128
35.085476,30.587255,4.966888,-15.070927,-3.1776152,-32.672222,-10.3149605,-2.703884,3.7243934,5.662823,1.7741519
257.62073,-30.081156,-12.552923,-5.4106784,-12.780304,16.559757,-4.004955,2.532473,-23.2862,3.5591285,-6.252119
-234.28659,12.8949795,-6.3411183,3.1194496,-27.290186,29.258814,-0.9173253,63.88597,6.719601,-11.416282,0.19731452
-302.1998,-0.30612016,-7.679699,-6.0826,14.262909,-10.489824,0.13122766,-0.09249134,7.0615606,-9.923569,1.2462327
-300.91245,-0.92474425,-30.858788,-2.676167,10.096864,-2.4036324,-17.1144,-12.57734,3.0004845,3.7626226,0.7112984
-193.93729,-7.8266416,-17.714884,8.775865,12.332925,-12.443222,1.2009648,1.0883226,4.9217186,5.6539807,1.3762938
-104.00027,-12.094144,-15.205949,8.907478,8.693901,-12.900089,1.5709628,-0.49649382,6.5574126,4.271583,1.876734
-307.35547,-2.6911192,-1.8570514,-5.9238343,1.5439478,-15.823609,-41.785927,7.324841,5.7342243,-16.531908,0.58098114
90.830215,-19.888187,73.2758,-32.143112,-1.9289263,20.995743,5.879307,0.3876431,-8.306177,1.4941641,0.11368501
-189.69972,-1.4307756,5.828913,-3.6754863,-10.031347,-7.6137476,14.455812,-0.4925459,4.0517955,3.464705,-0.62386507
-80.15364,-9.456758,-19.040098,8.548415,2.518508,-3.1634808,-1.6781864,-2.051492,5.8211713,3.9756474,1.6327255
248.4515,-13.278821,17.907763,7.5446167,-29.56283,79.76118,-16.702787,-0.10128866,5.992622,8.30193,2.51114
256.1168,-19.899103,-14.620312,-13.851971,-15.077931,14.634788,40.252964,-7.163554,-14.943893,30.658773,1.093755
-265.6121,5.0143046,0.007989287,-6.1537967,7.584103,-8.622536,-11.71879,-17.29832,2.6375036,5.585402,-1.9687185
-178.07317,-5.91865,-6.360605,16.126844,-5.6990976,-15.292405,-1.7966012,7.20045,7.3332853,-11.577941,-0.528108
-80.933075,-0.21264972,-14.682987,-14.092877,-33.14924,-15.343151,-2.1954746,-5.137777,7.8492618,7.520789,-0.02637916
-210.4841,-8.9887085,-7.316663,11.000704,-6.264666,29.273628,-0.39335367,-1.0033269,-12.492482,7.228387,-0.2992936
1373.1895,98.706024,126.78437,-100.14687,43.4277,-130.20886,20.47228,12.562961,159.86194,78.42724,3.5392916
330.4052,6.0268126,93.416794,61.725468,19.217648,35.332703,2.1928003,77.645195,3.5200086,4.957373,1.0212194
170.98224,-35.288395,-46.989147,-17.097748,-7.752434,-11.794456,-103.52031,-23.669495,2.2973034,1.0361067,2.5919693
-41.923435,7.7634864,-7.3969584,-1.2601004,20.526514,-25.820751,9.979226,-3.0775208,5.672175,6.1032343,1.0486718
305.81412,13.713888,-10.515901,32.310665,25.631435,39.430016,-3.7950394,121.513756,6.9045787,10.023666,2.2578058
154.81528,-39.14409,-151.70526,-3.9146945,-23.037788,12.411121,9.541833,-4.469762,5.8030066,27.383352,1.1495764
-335.09442,3.8398829,-6.4363785,-2.0760834,-28.08075,10.017414,-4.406919,-0.22802365,6.4605126,7.096624,0.06936041
-332.0159,1.2786306,-7.053485,-5.3320355,-8.179341,-11.034681,-1.0987518,-1.0660117,8.346026,-9.72978,0.26236048
-275.7508,-2.951987,-5.2227516,-9.094737,7.75871,-15.11817,5.084443,-21.237822,7.112693,6.783405,0.7287985
56.035816,43.12504,0.37286824,-28.482597,-81.62854,10.547813,-4.286513,-17.217941,4.5803413,-115.96244,-0.3916139
119.050446,-2.8382304,-38.04162,-48.096474,6.1898365,-2.4250362,-115.02556,-24.075008,-1.6453495,33.11837,1.4019059
-111.41926,2.8912573,-16.921507,-31.961603,12.902241,18.018284,-7.8212214,-4.827656,6.93935,2.1365612,1.8590803
-313.47263,-5.1458063,1.6298263,-3.6965442,-3.9995823,-15.594839,2.407805,-2.1475346,5.301503,4.7806973,0.11358981
-285.16254,-1.3864888,-19.365473,0.97148347,-6.7040486,3.5723805,1.6587348,-1.0488832,5.5043826,7.7422066,-1.4352515
-246.20332,-0.74729836,-16.577753,7.944127,19.792097,-2.0893078,3.1519403,-1.5434959,3.9630451,4.3731694,-2.7457516
-73.51479,1.2880708,-20.050379,-21.473536,14.203333,-1.2266684,-5.634126,-27.764257,7.261265,4.571858,1.3015443
1279.5725,-36.50895,-20.294792,-34.622864,16.325832,47.843838,34.55423,-103.13047,274.99796,-8.475241,5.236428
43.48916,-10.887474,0.1409546,-46.11432,31.010405,-16.260592,-48.20666,1.7397963,-44.272587,-9.410995,1.8750961
-214.06973,-12.356471,-6.140579,11.675531,-7.4254956,14.758186,33.02934,-1.3344772,-9.524243,7.2907205,-0.3443635
283.15253,-21.843124,9.445856,8.715591,0.6768816,-0.030955017,-4.445317,52.835007,7.6748223,4.5662913,1.2370805
-187.61818,11.596294,-26.980276,-6.248906,-12.796167,-10.57025,1.5150895,13.18137,-4.7865467,5.508143,-4.721494
-87.40102,22.116722,-5.3198166,-16.405153,-5.656245,-20.038927,-7.066526,-1.4380224,6.1795287,7.0170817,-0.64279705
-266.4998,-17.743433,-0.36580408,25.929184,-2.0885224,12.033716,2.6969428,-1.1500263,5.7018485,5.714948,-0.0149102
1025.4501,18.97993,-84.00402,54.839767,216.62134,80.08845,79.7187,199.21562,-40.40448,14.553832,-1.3699673
-64.36965,-11.096861,-31.26827,7.4832497,-10.775742,-20.987669,-13.993907,-6.778464,0.53782046,2.795355,-0.42072555
4047.5122,196.64626,230.72934,140.96846,27.941551,32.52164,49.610973,24.413628,176.28174,8.414582,1.3655688
-49.987656,-17.193644,3.4329717,21.53546,-4.941321,28.43698,7.044828,-3.330827,6.552218,4.58873,0.074122176
-245.8389,-1.6944149,-14.329302,-7.0204124,-4.686378,-13.617127,-7.879407,-1.3986561,5.3269553,5.576847,-0.992614
-156.11256,5.511715,-25.305168,21.081722,-6.407817,-17.378807,0.71711016,1.3169652,-5.9885798,7.87916,-3.4493337
930.69696,22.320293,-87.01332,7.9876366,156.46703,142.37425,-5.955544,258.2721,-39.216263,13.6084175,-5.3374863
1639.021,45.188934,54.58381,63.2955,30.682922,-70.918396,28.340462,70.40752,179.68733,-0.6066037,5.9339066
-194.84132,17.118267,-0.6815239,-0.34782314,-0.5340131,22.008135,2.7952502,-3.0464628,6.0370016,-19.532078,1.2724538
-227.85262,5.435588,-22.450333,-9.696877,17.017754,-13.737906,-0.18964946,0.32541984,6.8060665,3.4371755,1.2009126
656.0339,3.6217282,-12.85444,-17.285343,-9.294767,-1.4781462,-14.687816,-3.3214474,-541.0401,-18.966799,1.6253214
911.1629,9.125218,-32.316593,-59.836365,-40.80571,6.17437,64.95385,-3.5976956,-120.96818,3.359209,2.3659496
-197.14323,-6.6190033,14.66533,3.8275142,-30.54825,7.7832246,-8.815007,-1.3681875,-20.224092,-13.208157,-0.45813853
49.37681,30.59495,0.79125583,-15.352606,-6.0226774,-1.7498549,4.829872,-2.703884,3.903218,5.662823,1.7274892
-331.8901,13.704302,-6.636746,0.49188724,-5.232464,23.77913,-3.0025074,-3.0987527,7.3915577,-13.523336,0.35162783
-267.7726,-1.4447126,-1.2605557,21.988457,2.4003196,-15.762862,1.8430929,62.19371,4.698607,5.6573815,0.7270927
-261.5656,18.300377,-4.034858,3.9923732,-21.317554,18.591393,1.8015115,-0.31072932,4.656957,-12.183662,-0.2107398
116.59909,-5.6999755,12.42619,5.8767586,52.33153,44.22565,7.943456,0.7291558,5.898224,4.6186504,1.1778917
-238.7973,-49.871006,337.472,-16.183079,95.47863,34.439934,-0.8639998,-19.380651,12.110021,2.0380583,-1.2939446
288.40707,38.076565,-37.34893,-69.42353,-98.654335,87.51999,17.479424,175.01936,4.387372,-163.50769,1.1087806
1133.25,40.104538,4.554843,-8.417202,1.3987305,31.801168,-5.1580253,2.90153,-171.32748,4.40606,3.151422
347.49744,7.965396,-22.236502,-28.310589,54.238377,10.265701,11.911173,-45.210407,7.3315043,58.89973,3.4617171
-172.9178,-1.8730812,-38.929104,-2.408782,31.94105,-27.426994,-55.648613,2.3813326,2.4247487,2.6298337,-2.1685786
-305.9842,-3.2695653,-4.1920304,4.177967,-34.731373,-13.246824,-2.7055418,-1.0741075,-4.5669727,-9.576398,-0.023673583
77.26456,2.7276444,-1.80458,13.629883,-4.4753857,23.920551,-9.028631,6.0690002,-5.2254696,6.252829,6.5015674
-174.7497,-29.30338,-24.797348,-37.871067,-19.5767,-32.77487,-8.046772,-2.0009022,-0.9579129,-2.0618906,-2.4997063
341.50278,-5.236085,-36.16554,-37.96034,15.90941,33.17556,10.234619,-28.491852,7.1142282,58.95028,2.0766075
-285.23914,5.540285,-11.935123,16.675316,-8.061319,-10.1749525,1.3730297,-1.1756083,5.336074,7.0045643,-2.0715766
-307.94608,5.392824,2.8210435,-7.6830363,14.901535,31.745806,3.9319193,0.38653108,6.0728493,7.083137,1.3239872
-88.86397,-1.097819,-16.738064,-12.867286,-9.281424,-16.338037,-1.1993194,-5.676051,8.298552,-8.334745,0.12190221
-167.00658,5.298401,-48.268612,-9.808218,-7.6531973,-11.682112,-42.059204,-3.621386,1.4193648,1.3691695,0.35689116
-176.02791,-0.39721918,-13.05381,-15.471031,1.8033158,15.335852,3.262115,-10.189047,-16.131603,6.527929,1.0613008
434.47577,-5.56703,66.98818,-45.03063,1.0837947,49.770798,6.5947113,16.743526,7.239721,59.36968,1.1179973
-92.25492,-5.457326,-23.153112,1.0398054,-7.23325,11.565771,8.151591,-48.79346,6.4643507,-3.2155282,0.062283687
-296.30045,3.5143514,-7.144176,-5.855909,17.625248,10.680957,5.231301,-0.63404673,4.462203,6.838423,1.2432668
-214.76889,3.5052238,-4.840807,-11.999512,-2.2134385,-14.790001,-0.5970662,-0.5814525,7.333462,7.4940166,1.103926
-314.27774,-10.784796,2.9313712,5.4298544,-6.5563297,-23.52507,-14.36341,-2.6073978,5.3014736,3.518178,0.12999095
-68.49366,15.064556,15.081619,-7.8543186,-4.843445,-8.901459,-26.908684,-3.809167,-13.284524,5.295067,-4.582881
-272.50638,0.06558165,-5.6104703,-6.626268,2.054466,-12.159572,1.4835182,-0.0279397,7.3521705,6.399637,1.2582703
-308.06778,-6.362491,-0.23798686,8.615237,-6.7305784,-14.8052,2.5543425,-2.0940752,5.1135187,4.9330707,0.2810638
-214.75223,-0.31775728,-14.568967,-6.3363276,-5.7447066,-18.807165,1.8974931,6.9469833,5.34747,3.287835,0.0008740588
-233.04276,3.3778942,3.938193,4.4716396,17.359455,-20.454676,-19.288107,1.3692715,8.464766,5.3868713,-0.114399225
-78.259056,-4.491262,-30.340721,-3.2952986,-8.635422,32.377026,5.4609623,-21.36277,-10.451793,-15.3202305,-0.5709801
-283.06848,2.386131,0.86168796,9.9092455,8.05554,-18.280548,4.018184,6.785985,5.2866344,6.365507,0.8738428
-71.00062,5.7243824,-68.54976,-0.37685204,-12.226497,-36.363068,-17.573706,-7.319998,3.256063,4.5394406,0.79281026
-179.75378,-7.713324,-17.163223,-17.089382,-8.026385,-14.878795,-3.8709075,-24.31124,-30.159067,4.4287457,-0.42827222
706.2472,-46.5997,-82.26134,-57.372658,57.625645,-88.11023,1.8963805,-17.951212,4.2536364,-6.4838505,13.33185
244.21866,-7.677761,5.32295,-5.19005,-86.297745,44.563015,-5.1215434,-4.961379,-6.448893,-31.419403,-0.45298615
-328.241,-3.582929,-7.42935,-5.323066,-9.867628,-11.145784,-0.7862242,-1.1847672,8.798038,-9.719001,0.25911164
199.96562,-26.928177,-47.04391,-62.106483,-9.799489,-52.669945,31.520063,-9.008711,19.867167,1.8650827,0.53530174
218.73721,-18.630451,-44.359753,51.29411,24.298431,-27.73368,-7.5596046,0.08649135,4.420002,3.4785204,1.3647832
-327.5722,15.652366,-8.153605,-6.0667515,-3.1184545,-10.053645,-0.8801204,-0.62394613,7.695219,-13.71186,0.23289144
-66.65319,18.373693,5.3801317,-8.086991,-32.78492,39.8717,-43.28084,-0.72042096,5.2699757,-11.827734,3.281656
-264.73132,-34.91358,25.097078,8.6889515,21.030926,20.232952,0.36078948,3.7615833,-18.946114,1.2948139,-1.8747517
327.41354,6.828657,-37.399696,-16.544508,-8.639544,-45.753616,9.022583,-21.073706,9.720541,66.78578,1.8976253
-308.7486,-33.32094,84.70028,8.57542,-5.145546,27.55493,10.64982,-3.1766493,4.789819,2.7355266,-9.526403
62.451973,50.57286,-1.6948146,-21.868296,-36.632603,-11.162332,-9.637689,-3.0729308,5.86066,-10.775979,0.3085079
-214.36122,-12.637293,-34.99329,1.6455059,5.3593993,5.971798,1.1565995,-2.5964847,5.1543083,4.742537,0.5278143
-207.99721,-16.670008,-9.3252325,-10.054592,-7.3813405,-13.088913,-0.71466,-1.2377185,7.4354606,3.9194813,-0.30531436
-314.06592,6.740284,-15.130685,14.973089,-0.7701831,13.363844,5.399948,-1.0503374,7.883727,5.2040358,0.052879915
148.77724,-7.8388968,-21.327795,-41.20766,-13.88674,35.33125,-1.8435829,2.1961343,7.881947,-169.38515,1.042052
34.20402,10.589769,-9.705619,27.621782,-38.120335,26.29156,6.480029,-55.653866,7.0634623,5.0499916,3.5312696
-213.3042,-10.349922,-11.17724,-12.728765,-7.5706606,-3.106594,0.061292287,-31.775663,9.095942,-7.080606,-0.23850845
-228.72354,-8.172903,-2.3159509,-23.663363,-7.5876656,-15.360623,0.918131,-3.3705037,-12.375574,6.045519,0.035029087
-285.22195,-3.311659,-16.253113,7.506343,-31.249763,-6.812519,-2.1162384,-2.4996634,-5.916196,-9.498617,0.53184915
-167.83961,-5.328957,-32.068676,-12.464401,-3.456832,-9.684491,-7.847315,-22.308285,6.645019,3.4081094,1.6678652
134.10979,30.794039,-126.14166,-74.4482,-91.43927,-61.1816,-6.1049657,49.94548,4.2370043,-168.31363,1.1440487
17.176998,13.792564,-126.77062,22.934458,-14.3444605,-5.4528856,-38.943813,48.295574,-6.2801237,4.31733,-16.790522
-33.753063,-1.409888,-0.9477318,-15.254471,-8.691757,-22.179073,1.4203298,1.0909815,9.40581,18.623728,-0.34365705
1167.5009,-7.486442,36.97063,-64.09734,46.407818,-105.31265,31.869043,7.876103,213.6881,-5.885095,4.4185157
291.2234,40.196484,2.5991855,-12.594079,5.4282928,18.473711,2.8133986,-7.7415094,7.824892,11.396804,1.1365243
718.75055,-142.92784,-16.223873,-45.171715,70.73776,-47.183613,12.121032,4.0921173,-498.79852,5.808843,2.6596923
294.09335,-2.6794193,-3.3334277,13.827423,-10.131504,47.697353,11.143147,-1.6199529,-16.844454,42.749733,0.35487896
-39.101765,-6.961116,-87.6457,-6.8741293,-21.31648,-2.3419147,9.615427,-16.72115,-3.8569221,4.407806,1.9858724
332.33936,49.922108,-27.136747,-16.997896,-14.647947,-22.871273,-35.523792,-37.0109,10.908799,54.08867,1.7936739
-1.8638315,24.058208,15.668012,-19.815361,21.242977,-22.319958,8.114965,0.46837467,1.1105115,6.847668,0.84919035
-113.80477,17.682367,-18.280293,34.97277,-5.514364,-20.349148,2.6190038,0.6520681,0.37993574,-1.4399681,1.0907139
-353.07822,3.982076,-12.804993,5.2393994,-18.051308,16.75338,8.520849,15.967625,6.638773,7.258026,0.06202574
-325.17358,-3.25381,-9.439309,10.90576,2.9130192,-17.841143,-4.4515433,-19.84876,7.901441,-5.4884734,0.0007854544
-232.76625,-1.8110647,-32.536015,-14.223771,-7.224047,-11.182184,1.8707645,-3.178731,3.3594863,6.099002,-2.2027535
58.390266,30.450333,-7.430975,14.615685,-8.259703,-20.151678,0.11518468,-48.308815,7.7994366,6.8504944,-10.23204
991.856,-10.468398,23.251322,114.081375,-32.379623,-61.413414,-60.487877,-7.52173,-10.671541,-11.814937,-28.680307
-181.77084,-3.7066772,-7.4676886,-19.000856,8.906567,-16.992586,-1.3392118,2.526437,-5.1625595,-12.440329,0.83309835
-261.0841,-8.684678,-15.240688,-21.6615,-4.421497,27.172945,2.028008,-18.557482,7.386507,3.6541128,0.0009493353
-232.14795,20.53223,-38.58008,-4.3788967,15.341612,-13.156236,19.701235,-2.0101862,7.340689,-7.699089,-0.40969235
1102.611,-8.63508,0.5963234,-27.938633,132.1604,98.743904,65.49632,123.841736,35.41086,1.4352827,5.5080056
-192.42888,-2.9169345,-9.924684,-13.556583,-6.9194036,-17.000639,0.12236744,-0.3079551,8.383573,5.963458,-0.37136984
-258.2807,-3.2101402,-10.632648,-0.6690471,-39.159004,12.310411,5.6400685,-3.6802394,5.758206,-9.591645,0.027910758
-34.799305,-4.3003554,-13.979587,-12.248511,-10.611368,-18.630436,4.1114507,-3.8819506,-3.6060638,6.7491665,-0.31158167
19.188017,-4.1059184,5.919439,-1.2425861,-11.591452,31.810194,10.257395,109.75331,11.114561,-7.9288583,-0.27295318
316.2804,9.775144,6.3007846,30.82547,-67.250244,12.562104,103.80959,11.005478,6.789145,10.181289,2.0753262
-294.6667,-5.710915,-7.145349,-5.7992578,12.523753,-8.41307,-9.50758,-0.50100595,4.32567,3.2449234,-4.8138776
114.65775,28.64428,11.101223,-11.009656,-4.453292,-9.898979,-1.6195412,87.16525,-4.615293,5.5161796,3.494444
-32.92525,21.503176,20.42352,-19.092236,-6.15223,-27.54795,-41.751686,-1.752638,-2.4713314,5.724844,-0.5300159
977.97986,-64.17509,-23.291546,-22.851032,-69.95983,-38.50449,-11.235796,-13.683677,137.66504,-7.956618,9.749035
-96.81292,5.149921,-8.752251,16.923136,-2.4934964,-23.038412,2.4062765,1.9194155,4.7927704,6.319779,0.49151254
-321.1425,-3.9183762,-3.7417018,2.221809,-2.321621,25.407192,-2.1433325,0.33136547,-9.654445,-15.330628,0.051312935
-212.952,26.265772,5.270768,6.6300178,-7.723366,-27.7385,-21.653606,-2.9482045,4.9970784,6.7137876,0.078908525
-254.74905,1.3478148,-3.0561898,-8.854734,-8.346647,16.573181,0.045622673,1.1027652,-13.813425,7.9681377,-0.7680456
223.32079,14.54972,-26.896585,-7.6374474,-55.325436,2.2049541,-0.99623615,-1.4753354,8.071691,13.357588,1.6320984
195.0277,-16.107931,-13.647027,-11.722759,-96.821144,15.121276,-11.087766,-7.7940364,-7.0952215,-21.872192,-0.34969598
-398.22864,-42.414276,59.572002,12.965541,-2.551725,-2.8354118,-3.2586007,0.7345501,5.3731904,1.787413,-0.54134184
-218.64157,8.276273,-22.518272,-17.513355,5.9763236,-15.4935665,1.9169542,0.43963233,5.3846693,5.5208554,1.1492066
-190.57085,1.9829576,-2.015789,-14.20472,-8.741493,11.006985,4.887719,-0.0771937,9.260568,7.757373,-0.18481556
-72.21889,4.6437373,-5.6421876,-16.7655,16.02251,20.424852,10.232141,-0.9215672,7.5382285,-3.8345778,1.9437402
363.34607,12.737615,-24.536171,-20.618116,38.53766,-45.688,-37.791412,-13.417963,11.2915,54.80326,2.7523274
33.44497,6.4885397,-73.51616,21.382267,25.65179,-12.548218,-59.511917,1.0594398,27.775888,4.549924,2.9490285
-332.21866,-5.742158,-20.21748,5.335296,17.058504,12.521724,-7.1791863,-0.1953106,5.0489006,4.6816297,1.0859329
-267.2169,-6.5185056,-17.60774,-13.813224,-6.054987,8.260252,2.025091,-0.81098455,-21.20707,-6.537965,1.1135261
-189.50076,8.301741,-5.3934517,-14.012744,-8.714562,-12.231831,-0.2163229,-4.494388,-6.3430557,7.1905785,1.6487143
-355.45276,-3.6815476,-6.0677476,11.726358,11.958291,8.170297,-7.7134967,3.296635,3.7354057,-6.6893826,0.6830338
578.53674,33.598335,-82.09955,-90.80111,-30.591341,-57.35486,55.919907,-21.856665,-26.492146,5.30345,-3.1507666
523.9812,-33.6788,-52.40176,-44.591312,-85.800316,23.979568,-8.624392,-16.99721,12.952699,-15.003341,-1.1213608
-290.2396,1.7702757,-8.703051,-6.688857,-1.6667244,-11.020093,1.2452946,-1.5947778,7.613722,5.4990563,1.2553775
416.08813,3.1293952,-86.64291,1.9311228,16.44328,-46.33346,25.05343,-12.300094,-43.84978,60.146095,2.4850338
87.62325,29.131443,24.3834,8.919994,-1.3359493,-11.9926,-31.139412,-2.370216,4.767515,4.441904,0.87737596
-77.93976,-2.738995,-16.396029,-13.393913,-34.44998,-14.805384,-4.309032,-5.545141,8.316402,-11.804772,-0.026577853
-334.7332,-2.4734235,-6.127175,-6.256935,13.161626,8.612565,2.2367785,0.89854807,8.775962,-8.960381,1.0553372
-57.942665,-16.052036,6.5172887,45.259403,21.54494,-21.649899,4.471388,-5.6103272,3.1459527,2.2439444,0.89865893
244.53767,-17.289549,-19.181242,-19.806602,-62.80303,38.844406,-3.9221642,31.81734,7.6395183,4.844698,2.3842895
242.17133,-7.425922,-9.326609,7.8844314,-18.35697,50.58267,-5.6893783,-4.1305046,8.698715,-2.8573205,3.1655874
-167.94112,-4.4903927,-32.929897,11.776033,-19.341072,-10.315677,-2.5748818,-0.18755713,-5.332566,-11.239584,-0.9909393
253.90343,10.873227,-10.93952,-17.065235,16.881138,15.275766,3.5019257,-46.292904,7.7998204,55.3186,-8.627135
-378.86447,12.793133,7.9627733,0.22519362,7.2451434,13.443767,2.669483,9.060133,7.340682,-7.243329,0.1353165
-318.50418,-7.7888446,-16.088081,-7.3752065,-2.5817053,-18.391794,-18.180439,-1.9719824,6.2380304,3.2907186,0.08628028
-346.39908,7.271938,-22.33667,4.4737806,10.461625,13.167828,-6.4488244,-0.9530642,6.4770317,-16.17694,1.3172652
321.7722,18.023645,42.181576,-6.219106,5.6866164,18.19391,-13.430726,0.6592129,-33.054848,5.3636703,3.4429839
39.177826,-15.3841,-26.489359,-16.90513,73.75486,28.601646,-2.7716699,-1.5368209,0.39643565,4.8698773,1.2149748
-88.86397,-1.097819,-16.738064,-12.867286,-9.281424,-16.338037,-1.1993194,-5.676051,8.298552,-8.334745,0.12190221
324.43954,14.309374,-22.988998,2.3764143,26.666018,33.832127,24.213299,-9.167683,5.468559,9.641859,2.2394378
-43.297447,3.0895455,3.6297028,11.788624,-43.934677,3.273195,5.1163454,-4.874829,5.6118608,9.119282,-0.019924665
-77.3536,14.333329,3.3778906,3.8586164,1.4086547,-27.835548,-5.9134674,-14.636607,-7.586143,9.316228,2.027982
-174.70877,10.249798,-46.50491,11.360152,19.777939,18.966372,0.8338088,0.7584106,-9.137828,-18.67624,1.1765192
327.97473,30.714144,-0.12212652,33.824764,30.713837,38.15332,15.741873,59.936035,-9.367373,10.5760565,2.645883
-45.449974,-0.58392596,-3.791704,-11.678893,-5.4066496,-34.342102,4.4564714,-19.884916,-22.14826,6.3379726,0.77510715
-157.54138,-1.5676,-19.453253,-1.4579303,20.916,21.928629,4.312974,-0.33521563,-10.697583,7.205417,1.0262452
-166.55876,-4.282406,-38.750347,44.546257,-8.944936,1.5962133,3.7414236,-16.487614,5.6483097,5.093259,-3.847933
-62.284668,4.158264,6.448937,40.842552,12.6244135,36.465282,5.2523966,3.7829645,-11.360047,7.9999166,-4.22251
-327.89038,-2.340168,-6.5370126,-11.719916,-10.103647,-23.162434,1.0962049,4.064955,5.8030553,-6.160159,-3.7998912
-327.26776,2.6793017,-16.61863,20.595516,-5.4088206,-19.449282,4.2302117,-2.1070578,8.003111,4.6767497,0.14444944
181.71852,-11.5422,1.0267265,4.8892727,-10.654647,68.853516,-0.3671075,118.41784,10.353017,-102.42559,1.2689699
-213.58257,-0.5276241,-9.436464,10.353668,-25.533567,12.26769,0.11662413,11.489238,8.157871,-6.293262,-0.5148124
-332.5344,1.0570694,-19.516523,3.47465,11.81643,11.903953,-0.7534934,-1.018052,6.438781,-5.3455343,1.1602659
72.32403,-22.089113,-46.064835,73.82782,-21.431559,10.287301,-4.8889236,1.4786925,5.8147655,-116.14248,1.0636983
-206.78758,-0.4191666,-2.838179,-10.337961,10.075355,-21.87794,2.162355,0.82708114,4.628454,6.0041013,0.82447994
-75.81529,-0.14068303,-6.121737,-14.06979,-32.212776,25.175081,4.4072895,-3.774725,6.755136,6.870736,-0.05830399
-275.46738,17.790413,-9.216147,-2.9317243,-6.657375,-10.84155,11.892407,-2.1971211,5.526322,-13.565304,0.7852246
-259.64832,-8.689775,2.1085494,-5.081903,-1.7608943,-22.039133,-12.513556,3.1135416,5.093387,3.7199218,0.17249814
397.84888,-8.11005,-62.31399,-76.45613,11.615184,-49.352303,14.257529,13.938898,-15.613167,40.289654,4.5164986
-222.19957,4.785746,-41.629833,9.274507,-6.874133,-11.882566,-37.09649,-4.305467,-0.26042777,2.1176622,0.44034696
-319.04395,-1.7840494,-4.0020905,-12.937656,13.532636,-19.974665,3.8645785,-18.141384,6.960852,-20.193996,0.906604
92.49904,-0.53092194,-10.991711,-12.542302,36.33169,-10.6023245,-6.6345177,2.6071444,-7.891085,4.0244727,3.533195
294.00433,41.640827,-26.169533,-18.224636,-56.85911,1.0942243,36.99839,-16.0963,1.6104649,-19.87297,0.1490437
-337.99817,-8.987512,-8.54785,15.23354,22.907097,-20.002884,3.1877725,-4.162497,6.117502,0.4867435,-0.31013435
1610.0791,126.55243,89.5139,-76.53121,24.991995,-23.879831,13.111497,6.74151,193.31673,57.792027,10.65657
-195.2307,-4.9279985,-22.643646,10.29688,-5.614669,10.377848,2.6738021,-0.78708315,4.0497403,7.125165,-0.89968306
-6.878749,10.589652,-26.394476,-23.11787,-52.873665,-7.272734,-90.5591,3.749557,-46.344524,-104.96541,1.2503912
96.41191,-15.073331,13.058856,-1.9327371,-10.801719,14.981045,-6.560756,-0.5772377,6.6649446,5.1045394,2.388149
-245.07664,-8.201025,-18.601286,-7.18798,16.991282,-16.335434,0.19442156,-25.429539,7.113575,3.9868932,1.0591227
-213.27878,-7.311968,-31.313496,-19.290274,-7.7234597,13.097211,-4.781514,0.6141722,6.798212,3.3472202,1.4008772
-391.09573,12.728009,-4.356015,-0.8723852,-4.21111,11.9430685,2.0264108,39.71024,7.884845,-11.414077,0.16807917
-203.84251,-1.7194366,-3.4151,-18.447739,6.438548,6.265975,2.2763762,-30.305124,9.412114,5.046892,1.979293
-253.77364,21.308865,-45.817566,-5.937465,14.276449,-11.394947,38.150265,-1.6612358,7.4510064,-2.6564345,-0.4888124
62.387478,-3.1296012,40.03657,21.29263,-49.755478,15.679871,7.6471744,-65.43263,6.217593,3.4898856,3.0492923
121.83704,-17.15822,-14.889392,-19.40739,29.02669,-28.050669,-3.4846222,-2.7507708,-5.1843314,-94.906204,1.6266294
-335.11163,-2.1354167,-8.557612,-0.85053706,13.749156,-2.336899,-1.1804311,1.5281364,-9.401277,6.5529885,-5.7649617
334.5161,-28.49848,-10.261692,-46.39591,53.541454,9.039015,2.0344868,0.84032124,6.3015556,42.681484,1.6181169
1441.9319,35.148605,28.16163,-19.547707,-43.894337,-27.703167,19.418045,7.7795362,283.7081,-7.6574063,-39.667393
-175.78885,-1.277061,-5.999365,-16.091476,-7.735863,-17.477676,-0.29300237,1.5070943,-7.0631537,7.4219103,-0.46919566
183.91612,-57.927692,-48.4043,-20.288666,-12.865323,-24.568422,-3.4481308,-14.87436,5.7810755,4.1058774,1.1721389
375.09436,-14.518752,-33.11227,-13.730842,48.339485,-23.708845,7.356442,-13.373838,7.8772798,45.208588,3.0108774
-220.95625,-1.3847317,-1.4766304,-12.690153,-7.4994087,20.111763,1.515888,1.0320092,8.182224,7.9710827,-0.27743196
-181.63846,5.9462895,-28.490875,-6.8797145,-13.907599,-12.8269415,1.5094486,-9.517506,-5.964041,5.507091,-4.7885394
-141.05376,-1.5109978,-63.184174,-8.383166,-8.28898,-8.592622,-41.692646,-1.4115447,11.025979,2.6367786,6.3765483
-296.69727,-10.490696,-7.534891,-7.584773,-4.49917,-9.6856165,-1.9293811,1.2888937,3.0375166,-2.8307176,-0.50249183
139.65096,-3.7091644,-32.103622,-0.5493203,-34.22802,-41.212326,-31.43666,3.3021836,-46.061386,-136.74326,1.0457295
-337.7779,-7.603013,-5.458848,9.455971,17.756998,-14.107007,3.2388492,-0.9092394,4.4970865,2.9380643,0.83948106
-316.15073,-3.9657362,-1.9688374,2.493058,18.160105,-18.44581,5.492404,-25.180738,8.370158,-21.51011,1.763055
-343.05603,-3.6836638,-5.650323,10.700627,0.43440044,-15.79952,-4.108549,1.022913,6.2753644,-3.824244,-2.814041
121.711815,-5.024612,-42.316917,36.27951,-21.015707,-43.28477,-56.631905,2.8032293,-29.411303,-151.6103,2.0094914
-328.30786,-3.2475631,-7.322123,-2.1867206,-7.6557527,15.071437,1.3704572,0.45557886,7.875249,-21.64256,0.2550846
-254.99445,-12.493837,-10.989431,4.10271,16.89761,-14.283783,1.1739274,-2.0561056,-14.644635,3.7867498,-3.846921
-196.40842,-2.2007413,-7.2152934,-7.1130376,-24.607378,9.220568,3.2601943,-31.020842,4.383808,0.9244313,-3.1442835
-233.02853,-4.8718624,-20.02953,10.872843,-3.1442044,-9.523289,3.0587778,-7.457162,3.8273485,4.4113836,1.1156869
51.041714,-10.541768,19.827196,18.482517,24.460283,-17.482687,4.8608313,-0.020237379,6.7449393,2.994386,2.236314
-289.6692,-9.282088,-6.6482587,-5.1780515,-5.109797,-11.694445,0.6629284,-1.3706869,7.7872562,4.723797,0.23970066
-330.91086,19.461607,-8.127224,-6.4016285,0.9661953,-10.249541,-0.27917328,0.6458094,6.467206,-18.813946,-1.2947983
239.7956,-10.451879,-5.2894473,-13.726529,2.8351698,25.563892,-0.6813336,-47.08119,-17.338985,11.725056,-5.846943
-320.5101,-4.233369,-9.15749,4.64569,-0.91187215,8.276219,23.307621,1.8910476,7.876153,-10.937155,-0.0049175518
30.482418,25.81284,-61.026356,1.3012025,-35.47372,29.949791,-6.439083,76.03021,1.5937626,6.001547,0.4520276
395.3032,-28.706205,-70.22341,120.542625,24.458157,-39.16504,-49.68475,-8.275556,-29.881517,37.372574,2.0056057
-226.27489,-10.640911,-17.015251,1.4903944,19.807322,-10.614144,1.1177403,-1.888049,2.3409672,3.8263764,-4.1140013
61.418583,-3.557836,11.3538265,29.41637,17.596016,-5.997574,3.9988184,2.9863846,4.7937765,6.206416,-18.88661
-302.3584,-4.184313,2.912612,-7.8383107,-1.7382531,3.3958232,-2.6329849,-0.16646615,-22.40715,-14.335242,0.060247026
-137.99203,0.43344563,-8.462769,11.339942,-5.0692787,24.402546,-7.093932,54.57418,7.1493526,6.8293505,0.74250805
-214.04807,-0.49207836,-23.474339,-1.7041254,13.18962,-0.35470906,2.5819244,-0.37827826,6.8297415,6.2169013,1.4316535
-326.69376,-3.2290525,-4.2861056,-5.483445,-5.0503745,-10.298854,5.4649224,-0.45269743,7.1500106,-4.330489,-1.1053271
-206.35565,-7.4872093,-23.186216,-10.4551,13.252241,-11.635293,1.8785422,-1.4780421,7.297431,5.605818,1.1837478
-185.65306,-10.185677,-6.908004,-12.989144,-20.66508,17.484241,5.2840905,-0.18972898,7.756512,3.9123025,-0.47664624
325.63763,4.4845147,2.2822568,8.018366,38.08592,7.3431945,-0.8644089,64.290924,7.0331264,5.7746005,2.726389
1273.9294,21.319489,-206.53471,7.152181,-72.89965,-23.980669,-37.3479,5.620652,156.23238,-8.462701,8.647026
-53.265915,-1.6661402,-54.39941,12.6536665,-13.4532175,-9.673495,-59.1293,-6.4001546,1.8327315,0.1853696,0.40915248
-38.524494,-5.3611293,-3.3093486,-12.072562,-7.473919,-23.185827,0.4178881,-5.2655287,8.06828,5.271228,-0.19978003
-196.08032,2.6071446,-29.620594,-5.6453266,-7.7342925,-2.355053,0.704793,-7.7953095,7.1887965,3.6685467,0.74818057
-336.13254,-13.9274025,-11.156426,4.4314947,-18.094034,16.336744,7.3949456,16.654951,7.021194,4.6156135,0.098172635
97.17629,6.6322494,-74.38294,-59.86872,-29.654966,26.026209,18.139696,-96.35831,6.458242,-180.64952,2.4626234
-243.35349,7.2776093,-13.269222,-9.023993,-0.279312,-13.955009,0.024122503,-24.881962,6.5988684,7.0716376,0.044359922
-239.02493,23.64553,-25.346304,11.658208,-4.516392,-11.712341,1.2639474,-0.8294936,-2.7833023,6.1048746,0.5948078
-298.16147,0.06782764,-6.203432,-6.371279,2.4042585,-11.1005945,1.3825455,-0.39845783,8.196472,6.399637,1.2551212
-220.66464,-3.7093432,-15.928619,-11.418743,-14.690613,10.113786,12.533922,-15.53352,7.180154,2.3723357,0.5982035
-146.62085,3.605297,18.652157,10.762307,15.399084,19.266695,4.299029,-1.1082293,6.300035,5.5610957,2.2545292
-36.565784,-2.6902382,-1.8197901,-12.353704,-9.765709,-23.477566,0.32537973,-5.778005,7.7890115,6.795166,-0.193374
-322.46884,-5.425822,-9.392985,6.17385,-2.9415023,-4.118128,2.5462947,5.507381,8.06657,-6.518527,0.013464617
-290.2396,1.7702757,-8.703051,-6.688857,-1.6667244,-11.020093,1.2452946,-1.5947778,7.613722,5.4990563,1.2553775
-346.79785,-3.3434124,-9.059806,-1.623111,2.1414387,15.976331,16.85235,-7.07889,4.0854225,-18.458393,1.042201
-265.80066,-2.64093,-5.2157173,5.7041554,-9.273188,42.269806,1.9922924,0.5512008,6.4995527,6.117882,-1.1788442
-231.99603,24.720747,-4.251598,10.13802,-6.358325,-8.4180355,8.391294,-1.2534075,4.8542924,4.236853,-0.39267558
-258.63593,-3.3937297,2.5257986,2.4133215,-9.603756,-8.343638,-0.2670192,-3.6993508,-6.179982,-5.712098,0.38932285
22.64613,-4.4491897,-4.2385817,-14.0207405,-1.1591974,45.405563,9.101542,-3.637907,-23.687502,6.793549,1.5114582
-346.2353,4.587263,2.2603173,3.453187,7.905385,19.685186,-2.30807,-12.292352,11.108618,6.522434,0.18658435
-191.7029,-8.25098,-33.7176,-17.86047,12.8096285,-14.969139,1.8672986,-1.1256722,4.0549564,4.569998,1.0586503
-65.699554,23.255041,4.0275917,12.043425,-1.786645,-9.210927,29.782274,-23.606564,-10.222987,5.9872127,-6.148859
-122.3725,22.626211,-8.922958,-9.817244,-4.7485037,-3.9227068,3.2411225,1.225778,8.476627,7.884363,0.14051606
635.2366,19.251001,30.157265,-63.107056,14.521692,71.581856,37.130676,7.760207,179.19257,9.041977,-0.56785
261.52393,-2.2104473,2.2741246,-4.5924397,-5.612081,44.27747,1.7963492,-9.288815,8.686614,45.95763,1.1261619
-233.02353,24.914114,-6.9721994,10.322807,-4.197763,-8.156953,8.032918,-1.1662346,4.6067796,4.236853,-0.54543
-305.13715,-3.4216254,-20.19495,-6.3809595,-8.354561,-13.271367,-0.7827982,0.73804516,7.143901,-20.090963,0.25681204
-183.11317,3.379501,-46.5582,-1.0478827,-6.1004195,15.963652,4.0986433,-0.8894032,6.61041,5.7821326,-0.25485015
-331.3795,6.187122,-17.62179,-10.602377,-2.4889119,0.34004802,0.55834347,-1.0066454,7.7853265,-3.3233826,0.1865771
-315.41998,-0.59344035,-2.4908586,8.643348,-5.1008744,13.342364,2.50249,0.060936835,5.4684963,7.7501984,0.21614717
-194.16818,6.009352,-49.85239,-1.6630046,-12.731913,-9.50379,4.329216,-2.9599457,2.1025255,1.3643454,-2.4596958
-292.74866,-3.6399107,-17.568378,-12.062686,9.422979,-7.7283773,-24.161804,-0.9923525,-2.1943007,-4.5116067,0.6521845
245.41646,-22.269491,2.9465315,0.4254141,56.23524,74.77521,-1.1754724,81.19162,8.269802,25.272543,0.6966674
57.863018,-7.9039674,6.1069374,-16.243608,10.932762,-17.490795,0.07123597,-0.10929124,7.752109,3.1145918,3.624945
-194.5843,-5.189744,-42.316837,15.654854,24.63529,24.557474,1.5707736,4.6299834,7.918506,3.882833,0.54567075
302.8516,-4.7961645,30.775135,9.273735,-8.370284,33.506416,83.34064,-8.469924,-26.63118,46.136063,1.053395
-101.23267,-7.3809276,1.2933844,-6.8163967,-11.194881,22.46213,-29.74358,52.82207,9.888678,8.321689,0.7486916
-248.98312,17.653263,-10.540643,-12.482927,11.944866,-1.8982134,1.184634,-1.3975294,6.314559,6.460909,1.0018796
-45.888382,2.5722227,-8.690516,-12.971257,-22.033373,21.561493,-13.379103,-45.279884,6.245684,6.849596,-2.6764266
-329.22827,10.358282,-20.005959,-5.3816695,-7.2551446,-10.704096,-0.9111723,-0.92006236,8.384038,-2.5931706,0.26015252
-151.89716,16.32431,-6.776451,0.9602163,13.143713,-17.933414,2.311165,1.4727896,-5.392353,6.1489344,1.1609558
-183.79741,-13.828992,-53.24946,-9.538361,7.719938,-11.430462,0.74184734,-10.9191475,4.864101,4.776239,0.89149463
-315.24704,2.6666622,-12.152248,-13.746306,10.267771,-16.386286,1.786524,-0.47946298,-13.744922,5.893429,0.96511996
-221.70747,13.079454,-6.883575,-20.142372,3.4578567,-17.162022,-11.369645,-7.2711844,0.78723055,4.6210465,-3.880462
293.3601,25.378242,20.823503,10.7591,27.16345,67.09319,3.4953384,-35.02494,6.5372195,14.961969,1.6701382
363.67703,-2.5018363,137.71693,-66.5465,15.818418,56.35701,20.828156,32.15624,5.0253534,5.3396554,-15.406568
-292.45316,-0.38665912,-3.0720434,-8.105256,-10.261817,-13.792492,2.1789494,-2.2528114,7.6751013,-16.978893,0.06576711
97.93999,33.254265,12.99609,-20.975119,-17.70486,7.6179,-3.4045355,6.9508157,4.359833,8.029754,3.4336252
-46.845783,-2.981699,-77.905334,8.728253,-17.302797,-17.05822,0.30333045,65.429955,3.599351,3.6887884,0.7163642
293.89218,-17.344921,-31.55357,-36.919415,29.293266,-22.779766,-41.05069,-17.405397,9.16015,48.336414,-16.64473
-301.1481,-5.844724,-8.088842,-7.194916,-8.533199,-12.479617,-1.8548009,-0.62157375,-16.384209,-12.199076,0.14780925
-304.75287,4.2345295,-4.683434,5.92913,-5.4911714,10.614564,4.1213074,-1.8066865,6.640806,5.892179,0.16555035
-182.33292,-9.631509,-24.242424,9.691554,-2.2349162,7.3463426,-0.28522104,-29.215954,7.5675416,5.321146,1.1800234
-333.0074,11.211382,-21.394106,-11.017429,-5.324988,5.182969,2.698087,1.0438186,4.9147806,6.0876193,1.1617
-64.956184,9.164489,-15.226715,-9.035513,6.526351,-14.482577,-47.243595,-3.4841223,4.089974,-5.32621,1.6043744
281.76233,74.29964,-5.252709,31.72514,6.8430834,14.655878,-46.354305,0.80579156,19.165825,12.286756,0.22907889
42.545265,-53.787968,121.66747,3.0744548,-18.809565,22.190153,-9.49034,-30.487408,-6.122762,2.577419,-2.3545709
-357.3356,16.90134,-5.444751,29.002226,-7.2874327,-15.075564,1.6002679,-1.8407375,4.734191,-11.947275,0.04210272
-263.15317,-3.9311924,-6.903045,5.578607,10.605908,23.10859,2.4954278,-18.087927,-17.467705,-13.767185,0.9010373
64.56927,24.437614,15.685806,-16.224339,-6.031497,12.2289715,30.4268,-0.29738182,5.531126,6.926512,1.8310488
-329.67093,-3.5982568,-0.5105204,-7.661491,-7.351818,7.210238,1.4107796,-0.29789436,8.161972,-21.61376,0.25509635
37.57891,-24.906494,17.499195,-9.865411,-57.057587,-8.316346,17.834614,-3.42761,6.7428384,-10.186349,1.688627
-341.08875,-3.9325626,-8.035824,-1.9968389,-29.056833,8.82749,-5.2450237,0.7846484,7.2774873,0.28670874,0.30959764
-302.07294,-0.3008058,-7.920602,-5.956229,14.267164,-10.535375,0.13122766,-0.09249134,7.061308,-9.899674,1.2461666
104.707405,-4.5518804,26.992521,15.711081,-9.509052,24.380783,8.067765,0.58371174,6.6637917,7.2216988,1.7851099
55.624714,-25.697348,10.468796,20.042068,25.828661,34.76895,6.5447426,33.3302,5.9705753,3.2591505,3.6295683
536.78705,19.39087,-58.90178,-53.30757,-218.39821,21.014091,89.956276,-31.651136,8.999653,-7.469099,-4.597351
-79.95331,-9.509343,-13.558206,-12.952763,-5.3403153,-16.5038,0.5038856,-5.5519104,6.7529354,4.5893674,1.0738617
-201.44858,4.7734413,-12.294723,-1.042407,-2.9667313,13.8003235,2.4158509,-1.5769471,7.431556,-9.262117,-0.25671232
68.96089,-13.050201,18.118883,25.006815,-6.203089,10.184236,4.6761084,-29.680761,9.094443,4.5440063,1.8185552
-279.3265,11.463411,-32.76406,-4.419051,-30.804605,26.294558,-8.368903,-3.4593196,5.0839624,-7.7516575,-0.63389623
816.5067,-12.662307,12.504541,-137.4975,-58.559727,-38.06293,7.902098,-8.93675,-292.01697,-5.0784063,-3.2752712
71.28025,-10.633949,-39.996677,6.7650332,-15.943359,-9.062228,-29.970757,-1.1013396,14.208682,5.304941,2.3506901
-309.9614,-2.5975623,-13.267439,1.4487355,0.06753581,-3.012403,-0.25157064,-2.223386,4.451795,-3.5438933,-0.5383864
-70.162415,2.0870745,-2.893566,9.345255,20.97797,22.104301,-4.4362316,-23.169218,5.31807,6.0760446,1.6226771
316.4244,20.540905,-6.446256,-1.6289568,-47.084644,11.223896,-6.072681,1.6982144,-4.091971,13.847455,3.07958
106.81644,24.06747,3.7971978,41.89546,-24.85218,-19.392328,9.131106,51.42481,6.5422106,5.555782,-15.672505
232.30313,-29.652292,-1.4020871,-24.283329,33.71891,41.22547,-3.0674214,-4.615251,7.39492,1.8103231,2.347489
-3.1215649,-3.0966406,20.469465,-14.400776,-12.650338,36.279335,1.8398749,-5.219334,6.6789956,3.7266784,-0.16913447
-71.02599,23.606432,-8.624191,-30.714153,-1.7071013,27.840874,5.0536256,-1.005879,-10.996627,5.91364,-0.02816214
-301.07248,-0.7346643,-6.529828,4.283516,15.097652,-23.03285,5.6714487,-0.4044246,3.952906,3.2344,1.0206724
-71.83708,-4.161762,-15.865692,-1.4157839,-9.170383,-11.574044,3.4796124,-5.753809,8.197516,6.104933,0.051797446
-260.4738,-4.714251,-20.329227,5.294106,-7.8329515,3.1253006,1.7316868,-1.2586393,6.076034,6.188587,0.2322045
298.3239,10.785173,-11.786442,-4.5416217,43.950962,18.586702,0.092158064,-3.1950173,-7.1261463,9.33606,2.1093996
-49.692505,5.678395,-2.1463244,27.61789,20.746428,39.994427,4.043452,1.882172,-14.295649,-12.648695,1.8309708
-30.342382,24.753523,0.62494934,6.478544,-6.4217005,-22.008177,23.508558,-1.6422074,-3.5385597,5.0913525,-0.51957273
-204.89482,-1.7736559,-21.788803,-12.521507,-11.735211,-16.879953,-7.237327,-2.3969405,9.462983,-3.6473887,-0.40469632
222.96426,-36.072765,-12.000035,-17.263008,-7.007537,-17.96929,-6.0290236,-3.5291777,8.844597,8.693262,-6.591947
-203.91727,17.375692,-7.899732,-20.75947,-26.524755,2.6994555,-0.32186583,-2.4816103,8.294733,-13.964318,-0.5991222
-325.5803,2.9789996,-3.7371774,-5.552594,-5.281296,-8.385055,0.59699816,-0.6632933,4.034549,-1.0540957,-1.0993488
-113.131424,20.800491,-14.035731,-14.524727,-3.0072756,-18.88933,0.5164288,-3.3338559,7.3115134,8.133181,0.120561905
-293.01566,5.7877717,-19.9738,7.1779017,0.2568732,9.802015,-4.9554663,-2.6604033,5.507666,7.5379596,0.7981961
375.58218,6.5438433,-49.08645,-23.7442,-6.338633,43.227448,-144.55154,-23.363247,5.565117,38.450256,-7.1342487
713.0369,-16.182251,-68.811005,-74.87464,125.33617,30.761433,68.89903,-14.216204,15.413586,-11.800822,1.8945229
-180.98798,6.057636,-48.70297,0.504808,-8.413098,-13.179973,-35.161648,-3.5747015,2.9353473,2.1249447,-1.3215781
-280.24066,16.06161,-4.726635,-8.604059,-1.4596357,-14.789749,-12.640192,0.55730057,5.90221,-12.94239,-0.53519803
-192.42888,-2.9169345,-9.924684,-13.556583,-6.9194036,-17.000639,0.12236744,-0.3079551,8.383573,5.963458,-0.37136984
-57.208214,1.2771116,-18.594904,-2.8552494,-13.550991,-11.920318,7.143204,-7.0112047,2.7427783,0.7678834,-0.09016542
-9.9560995,-21.368933,3.7466173,0.057979465,-5.1399474,35.371105,7.611376,-5.593923,7.8983736,3.0747557,-0.18641987
-93.179375,4.5516634,-4.884751,-15.176823,-7.2176633,-26.532528,3.0954995,-3.4946902,6.993393,7.222334,-0.05272674
-260.5535,-5.1594405,-1.8101395,-14.40928,-25.028612,-0.49661416,-2.9862092,-3.5574336,-8.368023,-6.726816,1.0635315
374.6521,13.93411,338.15106,83.404396,-4.968097,-48.85424,-13.123705,-4.0669622,7.3432746,-83.05541,0.7398046
-316.9575,-3.249398,-9.326717,-14.468343,12.216181,13.069898,4.127599,-19.846119,8.094105,-21.23373,0.9808788
-246.04985,-0.99459606,-21.526424,6.6709604,-6.3231344,-6.8538938,3.4099474,0.2441394,4.9891,2.502736,0.6885763
